{
  "info": {
    "name": "Financial Data API",
    "schema": "https://schema.getpostman.com/json/collection/v2.1.0/collection.json"
  },
  "item": [
    {
      "name": "Get Customers",
      "request": {"method": "GET", "url": "http://localhost:3000/customers"}
    },
    {
      "name": "Add Customer",
      "request": {"method": "POST", "url": "http://localhost:3000/customers", "body": {"mode": "raw", "raw": "{\"identification_number\":123, \"name\":\"Test\", \"address\":\"Addr\", \"phone\":\"123\", \"email\":\"test@test.com\"}", "options": {"raw": {"language": "json"}}}}
    },
    {
      "name": "Total Paid",
      "request": {"method": "GET", "url": "http://localhost:3000/queries/total-paid"}
    },
    {
      "name": "Pending Invoices",
      "request": {"method": "GET", "url": "http://localhost:3000/queries/pending-invoices"}
    },
    {
      "name": "Transactions by Platform",
      "request": {"method": "GET", "url": "http://localhost:3000/queries/transactions-by-platform?platform=Nequi"}
    }
  ]
}